epoch,step,test_acc,test_loss
0,0,0.9668333530426025,0.1041359230875969
