epoch,step,test_acc,test_loss
0,0,0.9771666526794434,0.07342418283224106
